 
<!-- Please enable photo album access -->
<string name="please_enable_photo_album_access">Please allow HelloTalk access from iPhone Settings>Privacy>Photos</string>

<!-- Please enable Microphone access -->
<string name="please_enable_microphone_access">Please allow HelloTalk access from iPhone Settings>Privacy>Microphone</string>

<!-- HelloTalk Server under maintenance 999 -->
<string name="hellotalk_server_under_maintenance">HelloTalk Server is under maintenance now. Please try again later.</string>

<!-- Line Break Return -->
<string name="line_break">return</string>

<!-- Input Text & Translate? -->
<string name="input_text__translate">Input Text & Translate?</string>

<!-- Report & Block -->
<string name="report__block">Report & Block</string>

<!-- Tap & Hold to Translate? Long press -->
<string name="tap__hold_to_translate">Tap & Hold to Translate? </string>

<!-- Block button description -->
<string name="block_button_description">Further messages from this user will be rejected</string>

<!-- How to Correct Mistakes? -->
<string name="how_to_correct_mistakes">How to Correct Mistakes?</string>

<!-- Report & Block upload chat history description -->
<string name="report__block_upload_chat_history_description">Chat history with this user will be uploaded as evidence. </string>

<!-- Purchase Again if less than 60 days -->
<string name="purchase_again_if_less_than_60_days">Please purchase when you have fewer than 60 days left.</string>

<!-- Remember to cancel monthly auto renew purchase -->
<string name="remember_to_cancel_monthly_auto_renew_purchase">Please remember to cancel your</string>

<!-- Popup 1 Input text and tap %@ -->
<string name="popup_1_input_text_and_tap_s">Input text and tap</string>

<!-- Popup 2 Input text and tap %@ -->
<string name="popup_2_input_text_and_tap_s">for transation into your partner's native language.</string>

<!-- Thanks for reporting blocking -->
<string name="thanks_for_reporting_blocking">Thank you for making HelloTalk a better place for language learning. </string>

<!-- Deleted from HelloTalk Background Text removed removal muted -->
<string name="deleted_from_hellotalk_background_text">User removed from HelloTalk due to violation of community policy or excessive complaints from other users.</string>

<!-- Deleted from HelloTalk Login Register removal muted -->
<string name="deleted_from_hellotalk_login_register">The same mobile device can't login or register again. \nEmail HelloTalk8@gmail.com if necessary.</string>

<!-- What is Language Exchange? -->
<string name="what_is_language_exchange">Language Exchange?</string>

<!-- Language Exchange Explanation -->
<string name="language_exchange_explanation">HelloTalk has unique Text and Talk Exchange mode: \n☆ Write 500 characters in one language and then switch to another language \n☆ Talk 5 minutes in one language and switch to another language for 5 mins \n☆ HelloTalk manages language exchange text and time counting automatically</string>

<!-- What is HelloTalk? -->
<string name="what_is_hellotalk">What is HelloTalk?</string>

<!-- HelloTalk Explanation -->
<string name="hellotalk_explanation">HelloTalk - The 1st Language Exchange & Learning App in the world\n\n☆ The best way to learn a foreign language is to practice with real people. \n☆ If you are a native English speaker learning Chinese Mandarin, ideally you would want to meet native Chinese speakers learning English.\n☆ HelloTalk is the first mobile app in the world that does just that.</string>

<!-- How to use HelloTalk? -->
<string name="how_to_use_hellotalk">How to use HelloTalk?</string>

<!-- HelloTalk use Explanation how to -->
<string name="hellotalk_use_explanation">☆ Find native speakers of the language you are learning locally or worldwide \n☆ Help each other learn foreign language through text and voice language exchange \n☆ Share photos with your language partner about your life and home country culture </string>

<!-- Now Supports More Languages -->
<string name="now_supports_more_languages">Now Supports Teaching, Learning, and\nTranslation of More Languages</string>

<!-- Long Press any Sentence to Translate, Pronounce, or Mark as Favorite Tap and hold -->
<string name="long_press_any_sentence">Long Press any Sentence to Translate, Pronounce, or Mark as Favorite</string>

<!-- Restore Purchases -->
<string name="restore_purchases">Restore Purchases</string>

<!-- User Local Time -->
<string name="user_local_time">User Local Time</string>

<!-- Push and Hold to Record. explanation -->
<string name="push_and_hold_to_record">☆ Push and Hold to Record. Release to Send.\n☆ Slide up to Trash icon to cancel.\n☆ Slide up to blue Speaker icon to play recording.</string>

<!-- [Report/Blackist] Looking for girlfriend/boyfriend -->
<string name="looking_for_girlfriend/boyfriend">Looking for lovers/dates</string>

<!-- [Report/Blackist] Abusive language -->
<string name="abusive_language">Abusive language</string>

<!-- [Report/Blackist] Religion/Politics -->
<string name="religion/politics">Religion/Politics</string>

<!-- No thanks purchase -->
<string name="no_thanks">No Thanks</string>

<!-- me too purchase I buy as well -->
<string name="me_too_purchase">Yes Sure!</string>

<!-- Purchase to increase effectiveness as well -->
<string name="purchase_to_increase_effectiveness_as_well">Purchase unlimited translation service to increase the efficiency and effectiveness of language learning?</string>

<!-- Please enable lbs location -->
<string name="please_enable_lbs_location">Enable Location Service from \n[iPhone> Settings]</string>

<!-- ％@ day left purchase hide from search -->
<string name="sd_left">%s days left</string>

<!-- Monthly Auto Renew -->
<string name="monthly_auto_renew">Monthly Auto Renew</string>

<!-- Yearly purchase discount -->
<string name="yearly_purchase_discount">%s%%Discount</string>

<!-- Report Photo? -->
<string name="report_photo">Report Photo?</string>

<!-- [Setup] Speak on/off -->
<string name="on">On</string>

<!-- Speak on/off -->
<string name="speak/highlight_on">On</string>

<!-- Speak iOS6 background text setup -->
<string name="speak_ios6_background_text_setup">From iPhone\n[Settings>General>Accessibility>Speak Selection]</string>

<!-- Speak iOS6 background text setup -->
<string name="highlight_words_turnon_text">Turn on {Highlight Words}</string>

<!-- Speak iOS6 background text setup -->
<string name="speak_selection_turnon_text">Turn on {Speak Selection}</string>

<!-- Want to learn how to pronounce 1.4.0 walkthrough -->
<string name="want_to_learn_how_to_pronounce_1">Want to learn \nhow to pronounce?</string>

<!-- Speak Selection (iOS 6 only) -->
<string name="want_to_learn_how_to_pronounce_2">Speak Selection\n(Requires iOS 6)</string>

<!-- Too shy to speak in foreign language? 1.4.0 walkthrough -->
<string name="too_shy_to_speak_in_foreign_language_1">Too shy to speak in\nforeign language?</string>

<!-- Practice as many times as you want, before sending out voice message. 1.4.0 walkthrough -->
<string name="too_shy_to_speak_in_foreign_language_2">Practice as many times as you want,\nbefore sending out voice message.</string>

<!-- Speak button -->
<string name="speak_button">Speak</string>

<!-- Speaking Rate -->
<string name="speaking_rate">Speaking Rate</string>

<!-- Set slow speak rate background text -->
<string name="set_slow_speak_rate_background_text">We recommend that you set {Speaking Rate} to slow: ~25% of full speed</string>

<!-- Speak Selection Speak iOS 6 > -->
<string name="speak_selection">Speak Selection</string>

<!-- Listωen to recording -->
<string name="lisent_and_then_send">Listen to recording</string>

<!-- Highlight Words Speak iOS 6 > -->
<string name="highlight_words">Highlight Words</string>

<!-- last online min minute m/h/d -->
<string name="min">m</string>

<!-- last online day m/h/d -->
<string name="day">d</string>

<!-- last online hour m/h/d -->
<string name="hour">h</string>

<!-- Last online navigation message m h d -->
<string name="last_online_navigation">Last online: %1$s%2$s ago</string>

<!-- Last online search -->
<string name="last_online_search">%1$s%2$s ago</string>

<!-- [Push] Friend Push introduce -->
<string name="s:_introduce">%1$s: Introducing %2$s</string>

<!-- No photo or http links before 5 five messages -->
<string name="no_photo_or_http_links">You can only send photos or web links after %s has sent you 5 messages.</string>

<!-- Receiving… receive message -->
<string name="receiving">Receiving...</string>

<!-- Album photo -->
<string name="album">Album</string>

<!-- Auto save photo taken to album -->
<string name="auto_save_photo_taken_to_album">Auto save photos taken</string>

<!-- Search name or language (e.g. en) -->
<string name="search_name_or_language_eg_en">User name or language (e.g. en)</string>

<!-- [Talks] [Profile] Remove partners as favorites Starred -->
<string name="remove_as_favorites">Remove from Favorites</string>

<!-- [General] no longer registered [fix] -->
<string name="no_longer_registered">This user is no longer registered</string>

<!-- [General] Partner declined further messages from you -->
<string name="declined_to_receive_further_messages">%s declined to receive further messages from you</string>

<!-- [Report] [Block] User moved into blacklist [fix] -->
<string name="user_moved_into_blacklist">Blocked</string>

<!-- [Report] [Block] User moved out of blacklist [fix] -->
<string name="user_moved_out_of_blacklist">Unblocked</string>

<!-- [Setup] Current Version [fix] -->
<string name="current_version">Current Version</string>

<!-- [Plugin] [Exchange][Background text] No received -->
<string name="no_language_exchange_request_received_text">You have not received any new\nLanguage Exchange Request</string>

<!-- [Plugin] [Exchange][Background text] No sent -->
<string name="no_language_exchange_request_sent_text">You have not sent out any new Language Exchange Request</string>

<!-- [Plugin] [Partners][Background text] No received -->
<string name="no_new_request_partner_request">You have not received any new Language Partner Request</string>

<!-- [Background text] partner settings setup bio audio bio profile edit profile [fix] -->
<string name="add_bio_voice_bio">Add Bio and Audio Bio from \n\n[Setup>Profile>Edit Profile]\n\nSo more HelloTalk users can find you</string>

<!-- [Exchange] (PopUp) Popup Switch Language -->
<string name="popup_switch_language">Switching Language</string>

<!-- [Exchange] [Request] Language Exchange -->
<string name="s_exchange_request">%s Exchange Request</string>

<!-- [Exchange] [Text] Language Exchange Alert View -->
<string name="s_text_exchange_request">Received %s Characters\nText Language Exchange</string>

<!-- [Exchange] [Talk] Language Exchange Alert View -->
<string name="1talk_1s_for_2s">1. Talk in %1$s for %2$s minutes</string>

<!-- [Exchange] [Text] Language Exchange -->
<string name="1text_1s_for_2s">1. Write in %1$s for %2$s characters</string>

<!-- [Exchange] [Talk] Language Exchange -->
<string name="2_talk_1s_for_2s">2. Talk in %1$s for %2$s minutes</string>

<!-- [Exchange] [Text] Language Exchange -->
<string name="2_text_1s_for_2s">2. Write in %1$s for %2$s characters</string>

<!-- [Profile] [Button] Add Friend -->
<string name="add_friend">Add Partner</string>

<!-- [Search] SearchCustomView AlertView (characters) -->
<string name="no_less_than_two_characters">At least two characters</string>

<!-- [Search] Age -->
<string name="age">Age</string>

<!-- [General] [Button] Agree Button -->
<string name="agree">Agree</string>

<!-- [Profile] [Button] Agree/Reject - UserInfo -->
<string name="agree/decline">Agree/Decline</string>

<!-- [Exchange] [Profile] [Friend Request] (PopUp) Language Exchange Alert View -->
<string name="popup_awaiting_response">Waiting for Response</string>

<!-- [Search] Best Match -->
<string name="best_match">Best Match</string>

<!-- [Setup] (Privacy) Blacklist -->
<string name="blacklist">Blacklist</string>

<!-- [Setup] VersionView [fix] -->
<string name="version">Version</string>

<!-- [Setup] VersionView [fix] -->
<string name="latest_version">Latest Version</string>

<!-- [Setup] VersionView AlertView [fix] -->
<string name="please_upgrade_latest_version">Please upgrade to latest version.</string>

<!-- [Profile] [Report] [Button] Block/Report - UserInfo -->
<string name="block/report">Block/Report</string>

<!-- [Register] (1) Born PickerVeiw Title -->
<string name="birthday">Birthday</string>

<!-- [Search] Default -->
<string name="default">Default</string>

<!-- [Search] Sort by -->
<string name="sort_by:">Sort</string>

<!-- [Exchange] [Nav] [Button] Cancel Request Button -->
<string name="cancel_request">Cancel Request</string>

<!-- [General] [Button] Cancel Button -->
<string name="cancel">Cancel</string>

<!-- [General] [Nav] [Button] Back Button -->
<string name="back">Back</string>

<!-- [General] [Button] Choose from Library -->
<string name="choose_from_album">Choose from Album</string>

<!-- [Talks] Show network status in Nav bar -->
<string name="connecting">Connecting...</string>

<!-- [General] Connect Error or Can't no longer register or login -->
<string name="cannot_connect_to_server">Cannot Connect to Server</string>

<!-- [Register] [Search] [Sort] Country Name and I am from -->
<string name="country">Country</string>

<!-- [Exchange] [Button] Confirm Decline -->
<string name="decline_exchange_request">Decline Exchange Request?</string>

<!-- [Exchange] [Button] Decline -->
<string name="decline">Decline</string>

<!-- [Login] Email or password incorrect -->
<string name="email_or_password_incorrect">Email or Password Incorrect</string>

<!-- [Talks] [Nav] Disconnected -->
<string name="disconnected">(Disconnected)</string>

<!-- [Talks] Resend Message? -->
<string name="resend_message">Resend Message?</string>

<!-- [Profile] [Button] Edit Profile Sheet Title -->
<string name="edit_profile">Edit Profile</string>

<!-- [Profile] [Nav] [Button]Edit Button -->
<string name="edit">Edit</string>

<!-- [General] [Register] [Login] [Search] [Email] -->
<string name="email">Email</string>

<!-- [General] [Register] (Alert) Invalid Email Address -->
<string name="invalid_email_address">Invalid Email Address</string>

<!-- [Exchange] [Popup] \n expresion wrap , Don't delete it [fix] -->
<string name="exchange_completed\nwell_done!">\nExchange Completed\nWell Done!</string>

<!-- [Exchange] Exchange Request Canceled -->
<string name="exchange_request_canceled">Exchange Request Canceled</string>

<!-- [Exchange] Exchange Terminated -->
<string name="exchange_terminated">Exchange Terminated</string>

<!-- [Register] (Alert) Failed to register error type 3 -->
<string name="failed_to_register">Failed to Register</string>

<!-- [Setup] Feedback -->
<string name="feedback">Feedback</string>

<!-- [Register] Female -->
<string name="female">Female</string>

<!-- [Login] Forgot Password -->
<string name="forgot_password">Forgot Password</string>

<!-- [Partners] Language Partners Title -->
<string name="language_partners">Language Partners</string>

<!-- [Exchange] %@: [Background text] -->
<string name="from_s">%s: </string>

<!-- [Profile] [Report] Harassment -->
<string name="harassment">Harassment</string>

<!-- [Profile] [Report] Improper Profile -->
<string name="improper_profile">Fake Profile</string>

<!-- [Login] Login Error -->
<string name="incorrect_password">Incorrect Password</string>

<!-- [Plugin] [Exchange] Title Language Exchange Request -->
<string name="language_exchange_request">Language Exchange Request</string>

<!-- [Plugin] [Exchange] [Nav] Language Exchange Plugin Desc what is video -->
<string name="language_exchange">Language Exchange</string>

<!-- [Register] (2) Language Level -->
<string name="language_level">Language Level</string>

<!-- [Register] (Level) Language Level 1 - Just starting -->
<string name="beginner">Beginner</string>

<!-- [Register] (Level) Language Level 2 - Beginner -->
<string name="elementary">Elementary</string>

<!-- [Register] (Level) Language Level 3 - Intermediate -->
<string name="intermediate">Intermediate</string>

<!-- [Register] (Level) Language Level 4 - Advanced -->
<string name="advance">Advance</string>

<!-- [Register] (Level) Language Level 5 - Proficient -->
<string name="proficient">Proficient</string>

<!-- [General] Last updated {DDD} -->
<string name="last_updated:_s">Last Updated: %s</string>

<!-- [Register] (2) Level -->
<string name="level">Level</string>

<!-- [General] Loading... -->
<string name="loading">Loading...</string>

<!-- [Login] [Button] Log In -->
<string name="log_in">Log In</string>

<!-- [Setup] [Button] Log Out -->
<string name="log_out">Log Out</string>

<!-- [Search] Male -->
<string name="male">Male</string>

<!-- [Profile] Send Message -->
<string name="message">Message</string>

<!-- [Search] [Custom Search] Name -->
<string name="name">Name</string>

<!-- [Search] [Sort] -->
<string name="nearest">Nearest</string>

<!-- [General] [Nav] [Button] Next Button - Register -->
<string name="next">Next</string>

<!-- [General] [Button] OK Button OK Button Title -->
<string name="ok">OK</string>

<!-- [Search] [Sort] Online -->
<string name="online">Online</string>

<!-- [Register] Password -->
<string name="password">Password</string>

<!-- [Register] (Alert) Photo required -->
<string name="profile_photo_is_required">Profile Photo is Required</string>

<!-- [Login] Reset password success -->
<string name="check_email_to_reset_password">Check Email to Reset Password</string>

<!-- [Login] Reset password Faile -->
<string name="check_network_connection_and_try_again">Check Network Connection and Try Again</string>

<!-- [Exchange] [Nav] Please respond -->
<string name="please_respond">Please Respond</string>

<!-- [Register] (Alert) -->
<string name="please_input_birthday">Please Input Birthday</string>

<!-- [Register] (Alert) -->
<string name="please_select_country">Please Select Country</string>

<!-- [Register] (Alert) Level -->
<string name="please_select_level_for_language_you_are_learning">Please Select Level for Language You are Learning</string>

<!-- [Register] (Alert) Learning -->
<string name="please_select_language_you_are_learning">Please Select Language You are Learning</string>

<!-- [Register] (Alert) Teaching -->
<string name="please_select_language_you_are_teaching">Please Select Your Native Language</string>

<!-- [Profile] [Report] Pornography -->
<string name="pornography">Pornography</string>

<!-- [Setup] Profile -->
<string name="profile">Profile</string>

<!-- [Search] Pull to refresh -->
<string name="pull_to_refresh">Pull to Refresh...</string>

<!-- [Register] [Button] Register -->
<string name="register">Register</string>

<!-- [Search] Release to Refresh... -->
<string name="release_to_refresh">Release to Refresh...</string>

<!-- [Profile] Report sheet Title block -->
<string name="report">Report</string>

<!-- [Exchange] [Talk] Requested %@ Talk -->
<string name="requested_s_exchange">Requested %s-min Exchange</string>

<!-- [Exchange] [Text] Requested %@ Text Exchange -->
<string name="requested_s_text_exchange">Requested %s Characters\nText Language Exchange</string>

<!-- [Login] (Forgot) -->
<string name="password_reset_link_will_be_sent_to_your_registered_email">Password reset link will be sent to your registered Email</string>

<!-- [Login] [Button] reset password Button - ForgetPassword -->
<string name="reset_password">Reset Password</string>

<!-- [General] [Nav] [Button] Save Button -->
<string name="save">Save</string>

<!-- [Search] Custom Search -->
<string name="custom_search">Custom Search</string>

<!-- [Search] [Custom Search] Email/ Name/ ID -->
<string name="id/_name/_email">ID/Name/Email</string>

<!-- [Search] [Custom Search] OR -->
<string name="or">OR</string>

<!-- [Profile] [Button] Set Profile Picture Button -->
<string name="set_profile_picture">Set Profile Picture</string>

<!-- [Login] Login error -->
<string name="server_error">Server Error</string>

<!-- [Search] Sex -->
<string name="sex">Sex</string>

<!-- [Search] [Button] Show More -->
<string name="show_more">Show More</string>

<!-- [Register] [Nav] [Button] Submit Button Title -->
<string name="submit">Submit</string>

/* [General] Submit Success
OK Done -->
<string name="done">OK</string>

<!-- [Tab Bar] HelloTalk Talks -->
<string name="hellotalk">HelloTalk</string>

<!-- [Tab Bar] Partners -->
<string name="friends">Partners</string>

<!-- [Tab Bar] Search -->
<string name="tabbarsearch">Search</string>

<!-- [General] Search -->
<string name="search">Search</string>

<!-- [Search] [Custom Search] Reset -->
<string name="reset">Reset</string>

<!-- [Tab Bar] Setup -->
<string name="settings">Settings</string>

<!-- [Exchange] (PopUp) [Talk] Talk 1 Exchange Began -->
<string name="1talk_sss_for_s">1. Talk in %s%s%s for %s-min</string>

<!-- [Exchange] (PopUp) [Talk] 2 language (e.g english) Now for 2:30/5:00 -->
<string name="talk_sss_now_for_s">2. Talk in %s%s%s for %s-min</string>

<!-- [Exchange] [Talk] Talk Exchange -%@ -->
<string name="talk_exchange___s">Talk Exchange: %s-min</string>

<!-- [Exchange] [Talk] Talk Exchange Request Declined -->
<string name="talk_exchange_request_declined">Talk Exchange Request Declined</string>

<!-- [Exchange] [Talk] -->
<string name="talk_exchange">Talk Exchange</string>

<!-- [Talks] Language Talks Title -->
<string name="talks">Language Talks</string>

<!-- [Exchange] [Button] Terminate Exchange Button -->
<string name="terminate_exchange">Terminate Exchange</string>

<!-- [Exchange] (PopUp) [Text] 1 Exchange Began -->
<string name="1text_sss_for_s">1. Write in %s%s%s for %sA</string>

<!-- [Exchange] (PopUp) [Text] 2 language(e.g english) Now for 250A/500A -->
<string name="text_sss_now_for_s">2. Write in %s%s%s for %sA</string>

<!-- [Exchange] [Text] 500/1000 -->
<string name="text_exchange___s">Text Exchange - %sA</string>

<!-- [Exchange] [Text] Text Exchange Request Declined -->
<string name="text_exchange_request_declined">Text Exchange Request Declined</string>

<!-- [Setup] Thanks Feedback -->
<string name="thank_you_for_your_feedback!">Thank You for Your Feedback!</string>

<!-- [Login] Login error -->
<string name="non_registered_email_address">Non-registered Email Address</string>

<!-- [Register] (Alert) -->
<string name="this_email_address_and_username_is_already_registered">This email address and username is already registered</string>

<!-- [Register] (Alert) -->
<string name="email_already_registered">Email Already Registered</string>

<!-- [Profile] (Alert) Add to BlackList -->
<string name="user_already_in_your_blacklist">User Already in Your Blacklist</string>

<!-- [Register] (Alert) -->
<string name="username_already_existed_please_choose_another_one">User ID already existed. Please choose another one.</string>

<!-- [Profile] [Button] Unfriend delete partner -->
<string name="unfriend">Delete</string>

<!-- [Register] [Custom Search] (Alert) Input User ID -->
<string name="please_input_user_id">Please Input User ID</string>

<!-- [Search] [Custom Search]  User ID -->
<string name="username">User ID</string>

<!-- [Profile] Waiting for friend request reply -->
<string name="waiting">Waiting...</string>

<!-- [Exchange] [Nav] Waiting for response -->
<string name="waiting_for_response">Waiting for Response</string>

<!-- [Exchange] You Canceled Exchange Request -->
<string name="you_canceled_exchange_request">You Canceled Exchange Request</string>

<!-- [Exchange] [Talk] You Declined Talk Exchange -->
<string name="you_declined_talk_exchange">You Declined Talk Exchange</string>

<!-- [Exchange] [Text] You Declined Text Exchange -->
<string name="you_declined_text_exchange">You Declined Text Exchange</string>

<!-- [Exchange] You Requested - Language Exchange -->
<string name="you_requested">You Requested</string>

<!-- [Exchange] You Terminated Exchange -->
<string name="you_terminated_exchange">You Terminated Exchange</string>

<!-- [Login] (Forgot) Password -->
<string name="your_registered_email_address">Your Registered Email Address</string>

<!-- [General] [Profile] [Report] Other -->
<string name="other">Other</string>

<!-- [Register] (Alert) Select Sex -->
<string name="please_select_your_sex">Please Select Your Sex</string>

<!-- [Profile] [Button] Remove language partner -->
<string name="delete_friend">Delete Partner</string>

<!-- [General] [Button] Sure Button - Remove Friend -->
<string name="confirm">Confirm</string>

<!-- [Plugin] [Friend Request][Profile] Title -->
<string name="friend_requests">Language Partner Request</string>

<!-- [Talks] Let's talk -->
<string name="we_are_friends_now_lets_talk!">We are language learning partners now. Let's Talk!</string>

<!-- [Exchange] [Text] -->
<string name="text_exchange">Text Exchange</string>

<!-- [Profile] [Report] [Button] Block User -->
<string name="block_user">Block User</string>

<!-- [General] network connection error. Please try again. -->
<string name="please_try_again">Network error. Please try again.</string>

<!-- [Search] [Custom] Any -->
<string name="all">Any</string>

<!-- [Profile] from where -->
<string name="from">from</string>

<!-- [Register] POPULAR - Country list -->
<string name="popular">POPULAR</string>

<!-- [Setup] [Privacy] Silent Mode -->
<string name="dont_disturb">Don't Disturb</string>

<!-- [Setup] Hide from Search -->
<string name="hide_from_search">Hide from Search</string>

<!-- [Setup] [Background text] Hide me from HelloTalk user search until: -->
<string name="hide_me_from_search_results_of_hellotalk_users_until_this_date:">Hide me from HelloTalk user search until:</string>

<!-- [Setup] (Privacy) One Week -->
<string name="one_week">1 Week</string>

<!-- [Setup] (Privacy) One Day -->
<string name="one_day">1 Day</string>

<!-- [Setup] (Privacy) One Month -->
<string name="one_month">1 Month</string>

<!-- [Setup] Stop Updating Location -->
<string name="stop_updating_location">Don't Update Location</string>

<!-- [Setup] (Privacy) silent Mode Description -->
<string name="all_hellotalk_messages_will_be_silenced_from:">All HelloTalk messages will be silenced from:</string>

<!-- [Setup] (Privacy) silent Mode Time: xx to xx -->
<string name="1s__to__2s">%1$s to %2$s</string>

<!-- [Exchange] [Background text] Exchange Completed. Well Done! -->
<string name="exchange_completed_well_done!">Language exchange completed. Well done!</string>

<!-- [Exchange] [Talk] Turn to Other Language - Language Exchange -->
<string name="2_talk_1s_now___2s">2. Talk %1$s Now - %2$s</string>

<!-- [Exchange] [Text] Turn to Other Language - Language Exchange -->
<string name="2_text_1s_now___2s">2. Text %1$s Now - %2$s</string>

<!-- [Setup] Device can't send SMS -->
<string name="device_not_configured_to_send_sms">Device not configured to send SMS</string>

<!-- [Setup] (Invite) [Email] Send Invitation Email -->
<string name="check_out_hellotalk">#HelloTalk – Social Network for Language Learning & Exchange with native speakers. http://hellotalk.com/iOS.html</string>

<!-- [Setup] Invite friends -->
<string name="invite_friends">Invite Friends</string>

<!-- [General] [Saved] -->
<string name="saved">Saved</string>

<!-- [Setup] Email SMS canceled -->
<string name="email_sms_canceled">Canceled</string>

<!-- [Setup] Email SMS delivery failed -->
<string name="email_sms_delivery_failed">Delivery Failed</string>

<!-- [Setup] Email SMS sent -->
<string name="email_sms_sent">Sent</string>

<!-- [Setup] Send email -->
<string name="send_email">Send Email</string>

<!-- [Setup] Check Send eMail Title -->
<string name="check_out_hellotalk_email_title">Check out HelloTalk Language Learning App</string>

<!-- [Setup] Send SMS -->
<string name="send_sms">Send SMS</string>

<!-- [General] Time Format: Early morning -->
<string name="dateforamte1_s">dateforamte1 %s</string>

<!-- [General] Time Format: Morning -->
<string name="dateforamte2_s">dateforamte2 %s</string>

<!-- [General] Time Format: Noon -->
<string name="dateforamte3_s">dateforamte3 %s</string>

<!-- [General] Time Format: Afternoon -->
<string name="dateforamte4_s">dateforamte4 %s</string>

<!-- [General] Time Format: Night -->
<string name="dateforamte5_s">dateforamte5 %s</string>

<!-- [Setup] Off - silent Mode Close on/off -->
<string name="speak/highlight_off">Off</string>

<!-- [Setup] (Privacy) On -->
<string name="open">On</string>

<!-- [Plugin] [Exchange] Received -->
<string name="received">Received</string>

<!-- [Plugin] [Exchange] Running In progress -->
<string name="running">In progress</string>

<!-- [General] Send -->
<string name="send">Send</string>

<!-- [Setup] Log out - setting -->
<string name="log_out">You will not receive message notifications after you log out. Log out? </string>

<!-- [General] [Week] Yesterday -->
<string name="yesterday">Yesterday</string>

<!-- [Register] (Alert) User ID format -->
<string name="user_id_at_least_4_characters_and_can_only_contain_letters_numbers_or__and__">User ID at least 4 characters and can only contain letters, numbers, or . and _</string>

<!-- [Exchange] Request Agreed -->
<string name="request_agreed">Request Agreed</string>

<!-- %@ wants to add you -->
<string name="s_wants_to_add_you">%s wants to add you</string>

<!-- [Exchange] [Talk] Requested %@ Talk -->
<string name="requested_s_talk_exchange">Requested %s minutes\nTalk Language Exchange</string>

<!-- [Exchange] [Talk] Language Exchange -->
<string name="s_talk_exchange_request">Received %s minutes\nTalk Exchange Request</string>

<!-- [General] [Register] [Profile] Camera -->
<string name="camera">Camera</string>

<!-- [General] Photo -->
<string name="photo">Photo</string>

<!-- [Talks] Release to Send -->
<string name="release_to_send">Release to Send</string>

<!-- [Talks] Release to Cancel -->
<string name="release_to_cancel">Release to Cancel</string>

<!-- [Talks] Slide up to cancel -->
<string name="slide_up_to_cancel">Slide up to cancel</string>

<!-- [Push] Audio Push -->
<string name="s:_voice_message">%s: Audio Message</string>

<!-- [Push] Image Push -->
<string name="s:_photo">%s: Image</string>

<!-- [Search] [Background text] No Best Match result -->
<string name="no_search_result_from_<best_match>\nplease_try_<custom_search>\ntop_right_hand_corner_button">No search result from <Best Match>\nPlease try <Custom Search>\n[Top Right Hand Corner Button]</string>

<!-- [Setup] [Feedback] [Background text] FeedBack -->
<string name="your_invaluable_suggestions_enable_us_to_improve_and_better_serve_you_in_future">Your invaluable suggestions enable us to improve and better serve you in future.</string>

<!-- [Register] Native Language -->
<string name="native_language">Native Language</string>

<!-- [Profile] Learning short -->
<string name="learning">Learning</string>

<!-- [Register] Learning Language1 - Register -->
<string name="i_am_learning">I am learning</string>

<!-- [General] Save change -->
<string name="save_changes">Save Changes</string>

<!-- [General] Don't Save Changes -->
<string name="dont_change">Don't Change</string>

<!-- [Register] Cancel Registration? -->
<string name="cancel_registration">Cancel Registration?</string>

<!-- [Custom Search] (Alert) Input Name of User -->
<string name="please_input_name_of_user">Please Input Name of User</string>

<!-- [Setup] Rate HelloTalk feedback -->
<string name="rate_hellotalk">Rate HelloTalk</string>

<!-- [General] [Button] Confirm Delete delete this message? -->
<string name="delete">Delete</string>

<!-- [General] [Button] Yes Button Title -->
<string name="yes">Yes</string>

<!-- [Register] (Alert) Password -->
<string name="password___6_alphabets">Password：6+ alphas</string>

<!-- [Register] (1) (Background text) Register Username -->
<string name="user_id___4_alphabets">User ID：4+ alphas</string>

<!-- [Plugin] [Exchange] Sent -->
<string name="sent">Sent</string>

<!-- [Register] I am from - Register -->
<string name="i_am_from">I am from</string>

<!-- [Profile] Native short -->
<string name="native">Native</string>

<!-- [Exchange] Request Declined -->
<string name="request_declined">Request Declined</string>

<!-- [Exchange] You Declined - LanguageExchange Panel -->
<string name="you_declined">You Declined</string>

<!-- [General] [Nav] Use -->
<string name="use">Use</string>

<!-- [Login] Logged in from another location -->
<string name="your_account_has_been_logged_in_at_another_location">Your account has been logged in from another location.</string>

<!-- [General] Not Available -->
<string name="not_available">Location Not Provided</string>

<!-- [audio] -->
<string name="audio">[Audio Message]</string>

<!-- [Register] Audio Bio -->
<string name="audio_bio">Audio Bio</string>

<!-- [Profile] Bio with -->
<string name="bio">Bio</string>

<!-- [Register] Record -->
<string name="record">Record</string>

<!-- [Register] Optional -->
<string name="optional">(Optional)</string>

<!-- [Register] Minimum 5 seconds -->
<string name="minimum_5_seconds">5 seconds minimum</string>

<!-- [image] -->
<string name="image">[Image]</string>

<!-- [Exchange] characters -->
<string name="characters">characters</string>

<!-- [Exchange] mins -->
<string name="mins">minutes</string>

<!-- [Setup] Did not setup email -->
<string name="device_not_configured_to_send_mail">你还没有设置电子邮件帐户</string>

<!-- [Talks] Introduce Name Card -->
<string name="name_card">Introduce</string>

<!-- [Talks] [Register] Audio max 60 seconds [fix] -->
<string name="s_seconds_maximum">%s seconds maximum</string>

<!-- [Talks] (Introduce) You recommend A to B -->
<string name="you_recommended_1s_to_2s">You recommended %1$s to %2$s</string>

<!-- [Translation] Translating... -->
<string name="translating">Translating...</string>

<!-- [Talks] (Introduce) Comfirm sharing %@'s name card to current conversation? -->
<string name="comfirm_sharing_ss_name_card_to_current_conversation">Confirm sharing %s's contact information?</string>

<!-- [Exchange] (PopUp) Language Exchange Starts Now -->
<string name="language_exchange_starts_now\n">Language Exchange Begins\n</string>

<!-- [General] [Button] Turn down request? -->
<string name="turn_down_request">Turn down request</string>

<!-- [Walkthrough] 1 - Input your profile, native language, and language you are learning -->
<string name="input_your_profile_native_language_and_language_you_are_learning">Input your profile, native language, and language you are learning</string>

<!-- [Walkthrough] 2 - Search for language learning partners -->
<string name="search_for_language_learning_partners">Search for language learning partners</string>

<!-- [Walkthrough] 3 - Chat casually, or language exchange -->
<string name="chat_casually_or_language_exchange">Chat casually, or conduct Language Exchange</string>

<!-- [Walkthrough] 4 - Enable Location Services -->
<string name="enable_location_services">Enable Location Services</string>

<!-- [Walkthrough] 5 - Enable Push Notifications -->
<string name="enable_push_notifications">Enable Push Notifications</string>

<!-- [Walkthrough] 6 - HelloTalk respects your privacy -->
<string name="hellotalk_respects_your_privacy">HelloTalk respects your privacy</string>

<!-- [Walkthrough] 7 - You can cancel authorizations from Settings anytime -->
<string name="you_can_cacel_authorizations_from_settings_anytime">You can cancel authorizations from Settings at anytime</string>

<!-- [Search] [Custom Search] Nothing - Email Name ID -->
<string name="no_relevant_search_result_found">No relevant search result found</string>

<!-- [Setup] (Privacy) Hide from Search is Over -->
<string name="<hide_from_search>_is_over_you_will_show_up_in_search_results_from_now_on"><Hide from Search> period is over. You will show up in search results from now on.</string>

<!-- [Talks] ChatInputView Emoji Recently Used -->
<string name="recently_used">Recently used</string>

<!-- [Profile] [Background text] no text bio and/or voice introduction [fix] -->
<string name="no_text_introduction_1s2s3s_username_4s_bio">%1$s%2$s%3$s has not put in %4$s yet</string>

<!-- [Background text] partner settings setup bio audio bio profile edit profile lbs [fix] -->
<string name="add_lbs">Enable Location Service from \n\n[iPhone> Settings]\n\nSo more HelloTalk users can find you</string>

<!-- [Register] Native and language learning can't be same [fix] -->
<string name="language_cannot_be_same">Native language and the language you are learning can't be the same</string>

<!-- [Setup] Account -->
<string name="account">Account</string>

<!-- [Setup] Who can find me Hide from Search -->
<string name="who_can_find_me">Who Can Find Me</string>

<!-- [Setup] Who can find me Exact Language Match -->
<string name="exact_language_match">Exact Language Match</string>

<!-- [Setup] [Background text] Exact langauge match -->
<string name="exact_language_match_background_text">Only users with native language matching the language you are learning, and who are learning your native language, can find you.</string>

<!-- [Setup] (Privacy) Three Months -->
<string name="three_months">3 Months</string>

<!-- [General] 数据库升级，请稍等... -->
<string name="updating_database_please_wait">Updating database, please wait...</string>

<!-- [Setup] Privacy iPhone Settings -->
<string name="privacy">Privacy</string>

<!-- [Setup] [Account] Change Email -->
<string name="change_email">Change Email</string>

<!-- [Setup] [Account] Change Password Email -->
<string name="change_password">Change Password</string>

<!-- [Setup] [Account] Change Password Current -->
<string name="current_password">Current Password</string>

<!-- [Setup] [Account] Change Password New -->
<string name="new_password">New Password</string>

<!-- [Setup] [Change Email] New email -->
<string name="new_email_address">New Email Address</string>

<!-- [Translation] Translation limit is up -->
<string name="free_translation_is_limited_to_20_times_a_day">Free translation is limited to 20 times a day. You can purchase unlimited translation service to increase the efficiency and effectiveness of language learning. </string>

<!-- [Setup] Rate and Feedback -->
<string name="feedback/rate_hellotalk">Feedback/Rate</string>

<!-- [Setup] Change email current email is (fix) -->
<string name="current_email">Your current email is:</string>

<!-- [Setup] [Background text] Stop Updating Location -->
<string name="stop_updating_location_text">HelloTalk use location service to determine the city you live in. If you don't change city location frequently, turn this on.</string>

<!-- [Setup] [Edit Profile] [Background text] One time change country/sex/gender/age -->
<string name="one_time_change_only">Permanent ONE TIME change</string>

<!-- [Setup] [Edit Profile] [Background text] One time change country/sex/gender/age -->
<string name="change_age/sex/country">Change Age/Sex/Country</string>

<!-- [Setup] [Edit Profile] [Background text] One time change country/sex/gender/age (fix) -->
<string name="change_age/sex/country_backgroundtext">You can only change [Age/Sex/Country] ONCE. Please provide real personal information.</string>

<!-- [Translation] [Plugin] Translation -->
<string name="translation">Translate</string>

<!-- [Translation] Talks starred -->
<string name="talks_starred">Talks</string>

<!-- [Translation] Auto Speak -->
<string name="auto_speak">Auto Speak</string>

<!-- [Translation] Detect End of Speech -->
<string name="detect_end_of_speech">Detect End of Speech</string>

<!-- [Translation] Tap Send button to send -->
<string name="tap_send_to_send_to_your_language_partner_">After translation, tap Send to send to your language partner. </string>

<!-- No comment provided by engineer. -->
<string name="copy_link">Copy Link</string>

<!-- No comment provided by engineer. -->
<string name="mail_link_to_this_page">Mail Link to this Page</string>

<!-- [Setup] Name popup text warning format input name -->
<string name="name_popup_text_format_warning">Name can't contain special symbols or emoji, can't contain 5 or more  numbers, and can't have the same alphabet consecutively more than 3 times.</string>

<!-- No comment provided by engineer. -->
<string name="open_in_safari">Open in Safari</string>

<!-- stop Record -->
<string name="stop">Stop</string>

<!-- New Function -->
<string name="new_function">New Function</string>

<!-- Privacy/Don't Disturb -->
<string name="privacy/dont_disturb">Privacy/Don't Disturb</string>

<!-- [Translation] Tap pen to input to translate -->
<string name="tap_pen_icon_below_to_input_text_to_translate">Tap pen icon to input text to translate.</string>

<!-- Quit -->
<string name="quit">Quit</string>

<!-- Starred Favorites -->
<string name="starred">Favorites</string>

<!-- [Translation] Tap language name to change language -->
<string name="tap_language_name_below_to_change_language">Tap language name to change language.</string>

<!-- [Translation] Tap Send button to send %@ -->
<string name="tap_send_to_send_to_s_">Tap Send to send to %s</string>

<!-- [Translation] Input text and Tap from outside for direct translation -->
<string name="input_text_and_tap_s_from_outside_1">Input text and tap</string>

<!-- [Setup] [Account] [Popup] Change Email to confirm -->
<string name="change_email_popup_confirm">Change Email to:</string>

<!-- [Translation] Input text and Tap from outside for direct translation -->
<string name="input_text_and_tap_s_from_outside_2">from outside for direct translation.</string>

<!-- [Setup] Name background text input name -->
<string name="name_background_text">Input your name in native language or the language you are learning. Name can't contain special symbols, nor Emoji.</string>

<!-- [Translation] [Plugin] [Button] Translate Button -->
<string name="translate_button">Translate</string>

<!-- account -> change email -->
<string name="change_email_failedplease_try_again">change email failed,please try again</string>

<!-- [General] Upgrade to latest version to continue using HelloTalk -->
<string name="please_upgrade_to_latest_version">Sorry. Please upgrade to latest 1.6.0  version to continue using HelloTalk.</string>

<!-- [Translation] Cannot translate into same language -->
<string name="cannot_translate_into_same_language">Sorry. Can't translate into same language.</string>

<!-- [Plugin] [Friend Request] Became language partner with XX -->
<string name="became_language_partner_with">Now language partner with %s</string>

<!-- [Plugin] [Friend Request] Rejected language partner request from %@ -->
<string name="rejected_langauge_partner_request_from">Rejected</string>

<!-- [Translation] Message too long for translation -->
<string name="message_too_long_for_translation">Message too long for translation</string>

<!-- [Translation] All Languages -->
<string name="all_languages">All Languages</string>

<!-- [Translation] Recent Languages -->
<string name="recent_languages">Recent Languages</string>

<!-- chat window -> make a call title -->
<string name="1s_may_be_a_phone_numberyou_can">%1$s may be a phone number,you can</string>

<!-- Picture X out of Y total. -->
<string name="%1$i_of_%2$i">%1$1$i of %2$2$i</string>

<!-- forward message create new talk select language partner -->
<string name="select_language_partner">Select language partner</string>

<!-- Delete Photo button text. -->
<string name="delete_photo">Delete Photo</string>

<!-- HelloTalk Store -->
<string name="hellotalk_store">HelloTalk Store</string>

<!-- chat window -> make a call -->
<string name="make_a_call">Make a call</string>

<!-- No comment provided by engineer. -->
<string name="no">No</string>

<!-- No comment provided by engineer. -->
<string name="option_copy">option_copy</string>

<!-- No comment provided by engineer. -->
<string name="option_del">option_del</string>

<!-- No comment provided by engineer. -->
<string name="option_favorite">option_favorite</string>

<!-- No comment provided by engineer. -->
<string name="option_speak">option_speak</string>

<!-- No comment provided by engineer. -->
<string name="option_translate_op">option_translate_op</string>

<!-- Recent language talks chat retransmit message -->
<string name="recent_language_talks">Recent language talks</string>

<!-- chat window -> sendEmail Title -->
<string name="send_email_to_1s">Send email to %1$s</string>

<!-- No comment provided by engineer. -->
<string name="send_message">send_message</string>

<!-- This device can not make a call -->
<string name="this_device_can_not_make_a_call">This device can not make a call</string>

<!-- chat window -> send email -->
<string name="use_the_default_e_mail_account">Use the default e-mail account</string>

<!-- [Talks] [Profile] Mark partners as favorites Starred -->
<string name="mark_as_favorites">Mark as Favorites</string>

<!-- [Talks] [Profile] Cancel top of talk list talks -->
<string name="cancel_top_of_chat_list">Remove from \"Top of Talk List\"</string>

<!-- [Talks] [Profile] Put on top of talk list -->
<string name="put_on_top_of_chat_list">Put on \"Top of Talk List\"</string>

<!-- Handset Mode -->
<string name="handset_mode">Handset Mode</string>

<!-- [Translation] Rquestu timed out. Please try again -->
<string name="the_request_timed_out">Translation request timed out. Please try again.</string>

<!-- chat window forward message -->
<string name="forward">Forward message?</string>

<!-- Speaker Mode -->
<string name="speaker_mode">Speaker Mode</string>

<!-- Preview Photo -->
<string name="preview">Preview</string>

<!-- Max number of photo -->
<string name="max_number_of_photos">5 photos max at one time</string>

<!-- Picture X out of Y total. -->
<string name="%1$i/%2$i">%1$1$i/%2$2$i</string>

<!-- chat window -> call -->
<string name="call">Call</string>

<!-- View -->
<string name="view">View</string>

<!-- No comment provided by engineer. -->
<string name="never">Never</string>

<!-- No comment provided by engineer. -->
<string name="retransmit">retransmit</string>

<!-- User's info -->
<string name="teaching">Teaching</string>

<!-- HelloTalk Team muted -->
<string name="hellotalk_team">HelloTalk Team</string>

<!-- HelloTalk Team Welcome Message -->
<string name="hellotalk_team_welcome_message">This is HelloTalk team. Feel free to let us know any issues or suggestions you have. Thank you!</string>

<!-- HelloTalk Team Auto Reply -->
<string name="hellotalk_team_auto_reply">Thank you for your feedback!</string>

<!-- Move and Scale photo -->
<string name="move_and_scale">Move and Scale</string>

<!-- Clear delete content Translation -->
<string name="clear_content">Clear</string>

<!-- Speak iOS 6 > -->
<string name="speak_ios6">From iPhone\n[Settings>General>Accessibility>Speak Selection]\n\nTurn on {Speak Selection} and {Highlight Words}</string>

<!-- You can try %1$@ more times Incorrect Password -->
<string name="incorrect_password_1s_times">You can try %1$s more times</string>

<!-- Password input error too many times -->
<string name="password_input_error_too_many_times">You have input incorrect password too many times, please try again after 24 hours</string>

<!-- 1000 Records Maximum -->
<string name="1000_records_maximum">1000 Records Maximum</string>

<!-- Purchase Translation -->
<string name="purchase_translation">Purchase Translation</string>

<!-- Unlimited Translation Purchase -->
<string name="unlimited_translation">Unlimited Translation</string>

<!-- Purchase unlimited translation for -->
<string name="purchase_unlimited_translation_for">Purchase unlimited translation for</string>

<!-- Purchased Unlimited Translation for %@ -->
<string name="purchased_unlimited_translation_for_s">Purchased Unlimited Translation - %s</string>

<!-- ％@ day left purchase hide from search -->
<string name="s_day_left">%s days left</string>

<!-- You have %@ day(s) left on your Unlimited Translation service Purchase -->
<string name="you_have_s_days_left_on_your_unlimited_translation_service">%s day(s) left on your Unlimited Translation service</string>

<!-- One Year -->
<string name="one_year">1 Year</string>

<!-- Recommend HelloTalk App check out -->
<string name="recommend_hellotalk_app">Recommend HelloTalk App</string>

<!-- Purchase -->
<string name="purchase">Buy</string>

<!-- Share my HelloTalk Screen -->
<string name="share_my_hellotalk_screen">Share HelloTalk Screen</string>

<!-- Send pic warning -->
<string name="send_pic_warning">HelloTalk has porn/sexual images auto detection software. \n\nPorn/sexual images detected or reported will lead to permanent account and device removal.</string>

<!-- Receive pic warning tap & hold long press favorite -->
<string name="receive_pic_warning">If you receive ponography or improper photos, you can press and hold the photo to report.</string>

<!-- [Report/Blackist] Spam Ad -->
<string name="spam">Spam</string>

<!-- [Report/Blackist] Not serious about learning -->
<string name="not_a_language_learner">Not a language learner</string>

<!-- Unblock button -->
<string name="unblock">Unblock</string>

<!-- Purchasing... -->
<string name="purchasing">Purchasing...</string>

<!-- Purchase Success -->
<string name="purchasesuccess">Successfully Purchased</string>

<!-- Purchase Fail -->
<string name="purchasefail">Failed to Purchase</string>

<!-- DeviceJailBroken -->
<string name="devicejailbroken">Please close all Jailbreak IAP Apps before buying. </string>

<!-- LocationTips stop updatin respect enable location -->
<string name="locationtips">HelloTalk respects your privacy and uses location service to determine your city. Enable Location Services for HelloTalk?</string>

<!-- Share Location map -->
<string name="map">Map</string>

<!-- map satellite -->
<string name="satellite">Satellite</string>

<!-- map -->
<string name="hybrid">Hybrid</string>

<!-- Input Location map -->
<string name="location">Location</string>

<!-- select location title map -->
<string name="send_location">Send Location</string>

<!-- Send Your Location map -->
<string name="send_your_location">Send Your Location</string>

<!-- map -->
<string name="nearby_places">Nearby Places</string>

<!-- map -->
<string name="accurate_to_s_meters">Accurate to %sm</string>

<!-- map -->
<string name="searching">Se</string>

<!-- map -->
<string name="no_nearby_places">No Nearby Places</string>

<!-- This is my HelloTalk screen Check out -->
<string name="this_is_my_hellotalk_screen">This is my #HelloTalk# screen. HelloTalk – Social Network for Language Learning & Exchange with native speakers. http://hellotalk.com/iOS.html</string>

<!-- Tweet -->
<string name="tweet">Tweet</string>

<!-- How to use HelloTalk -->
<string name="how_to_use_hellotalk">How to use HelloTalk</string>

<!-- Sending... -->
<string name="sending">Sending...</string>

<!-- Like on Facebook -->
<string name="like_on_facebook">Like on Facebook</string>

<!-- Marked as Favorites -->
<string name="marked_as_favorites">Marked as Favorites</string>

<!-- Removed from Favorites -->
<string name="removed_from_favorites">Removed from Favorites</string>

<!-- Free Translation not enough 20 -->
<string name="not_enough_free_translation">Not enough free translation?</string>

<!-- Purchases Restored -->
<string name="purchases_restored">Purchases Restored</string>

<!-- Cannot Connect to HelloTalk Server -->
<string name="cannot_connect_to_hellotalk_server">Oops. HelloTalk server seems to be down. Please try again later. </string>

<!-- You have been muted -->
<string name="you_have_been_muted">You are not allowed to send any message temporarily.</string>

<!-- Cannot send photos muted -->
<string name="cannot_send_photos">You are not allowed to send photos. </string>

<!-- The user is muted -->
<string name="the_user_is_muted">The user has been suspended and cannot reply temporarily.</string>

<!-- Cannot purchase muted -->
<string name="cannot_purchase">You are not allowed to purchase. </string>

<!-- Please contact HelloTalk muted -->
<string name="please_contact_hellotalk">Please contact HelloTalk Team or email HelloTalk8@gmail.com if necessary.</string>

<!-- Tutorial Video -->
<string name="tutorial_video">Video Tutorial</string>

<!-- Langauge Exchange Video Tutorial -->
<string name="langauge_exchange_video_tutorial">Langauge Exchange Video Tutorial</string>

<!-- Short Video - 1 min minute -->
<string name="short_video___1_min">Short Video - 1 min</string>

<!-- Full Video - 5 min minute -->
<string name="full_video___5_min">Full Video - 5 min</string>

<!-- Please input password change 999 -->
<string name="please_input_password">Please input password</string>

<!-- Please input email change 999 -->
<string name="please_input_email">Please input email</string>

<!-- User ID at most 16 alphabets password -->
<string name="user_id_at_most_16_characters">User ID at most 16 alphabets</string>

<!-- Logging in... loading -->
<string name="logging_in">Logging in...</string>

<!-- Password format incorrect -->
<string name="password_format_incorrect">Password at least 6 alphas and can ONLY contain English keyboard alphabets and symbols</string>

<!-- This is Notepad -->
<string name="this_is_notepad">This is Notepad. Use Notepad to record text and voice notes.   You can also practice how to use HelloTalk through sending messages to Notepad.</string>

<!-- What is Notepad? -->
<string name="what_is_notepad">What is Notepad?</string>

<!-- Clear All Content -->
<string name="clear_all_content">Clear All Content</string>

<!-- [Register] (Alert) Password -->
<string name="password___6_alphabets_old">Password：6+ alphas</string>

<!-- Feedback in text messages only -->
<string name="feedback_in_text_messages_only">Please note that only feedback and suggestions about HelloTalk will be replied.\nPlease send ONLY TEXT MESSAGES. Thank you.</string>

<!-- [Register] (1) (Background text) Register Username -->
<string name="user_id___4_alphabets_old">User ID：4+ alphas</string>

<!-- Password at most 16 alphabets user ID -->
<string name="password_at_most_16_characters">Password at most 16 alphabets</string>

<!-- [Plugin] [Exchange][Background text] No in progress You have not -->
<string name="no_language_exchange_in_progress_text">You don't have any\nLanguage Exchange in progress</string>

<!-- Updating database, please don't stop -->
<string name="updating_database_please_dont_stop">This can take a few minutes. Do not stop the process. Please wait till it is finished. </string>

<!-- Delete All selected -->
<string name="delete_all">Delete All</string>

<!-- Delete All conversation -->
<string name="delete_conversation">Delete Conversation</string>

<!-- Notepad -->
<string name="notepad">Notepad</string>

<!-- What is Notepad description -->
<string name="what_is_notepad_description">☆ Notepad is a tool for you to record text and voice notes related to language learning.\n☆ You can also practice how to use HelloTalk by sending messages to Notepad.</string>

<!-- [Profile] [Button] Agree/Reject - UserInfo Full Old -->
<string name="agree/decline_old_full">Agree/Decline</string>

<!-- [Talks] (Introduce) -->
<string name="1s_recommended_2s_to_you">%1$s recommended %2$s to You</string>

